-- Data Migration from JSON to D1
-- Generated: 2025-11-08T13:10:01.418Z

-- Migrate Users
INSERT OR IGNORE INTO users (id, username, password_hash, name, email, initials, color, is_admin, created_at, updated_at) VALUES ('user-admin', 'admin', '$2a$10$JmKC3hTd0epIcqmkvg71LOO0Ge17pRvO4gR2wDLo5gjcV9ZeiJcEG', 'Admin User', 'admin@example.com', '', '#3b82f6', 1, NULL, NULL);
INSERT OR IGNORE INTO users (id, username, password_hash, name, email, initials, color, is_admin, created_at, updated_at) VALUES ('user-1762583752439-32nphdid0', 'ikcal11', NULL, 'Indraneel', 'ikcal11@gmail.com', 'IK', '#355C7D', 0, NULL, NULL);
INSERT OR IGNORE INTO users (id, username, password_hash, name, email, initials, color, is_admin, created_at, updated_at) VALUES ('user-1762586358159-ctffc847r', 'indraneel.kasmalkar', NULL, 'indraneel.kasmalkar', 'indraneel.kasmalkar@gmail.com', 'IN', '#FF6B6B', 0, NULL, NULL);

-- Migrate Projects
INSERT OR IGNORE INTO projects (id, name, description, color, owner_id, members, is_personal, created_at, updated_at) VALUES ('project-admin-personal', 'Admin User''s Personal Tasks', 'Personal tasks and to-dos', '#3b82f6', 'user-admin', '[]', 1, '2025-11-08T00:36:15.288Z', '2025-11-08T02:06:45.373Z');
INSERT OR IGNORE INTO projects (id, name, description, color, owner_id, members, is_personal, created_at, updated_at) VALUES ('project-1762583752439-32nphdid0-personal', 'Indraneel''s Personal Tasks', 'Personal tasks and to-dos', '#355C7D', 'user-1762583752439-32nphdid0', '[]', 1, '2025-11-08T06:59:30.000Z', '2025-11-08T06:59:30.000Z');
INSERT OR IGNORE INTO projects (id, name, description, color, owner_id, members, is_personal, created_at, updated_at) VALUES ('project-1762563623172-mabg9jqii', 'omega', 'Test suit', '#4facfe', 'user-admin', '[]', 0, '2025-11-08T01:00:23.172Z', '2025-11-08T02:23:50.751Z');
INSERT OR IGNORE INTO projects (id, name, description, color, owner_id, members, is_personal, created_at, updated_at) VALUES ('project-1762586077151-ngissaans', 'beta', 'theta', '#4facfe', 'user-1762583752439-32nphdid0', '["user-1762586358159-ctffc847r"]', 0, '2025-11-08T07:14:37.151Z', '2025-11-08T07:14:37.151Z');
INSERT OR IGNORE INTO projects (id, name, description, color, owner_id, members, is_personal, created_at, updated_at) VALUES ('project-1762586358160-rrzy31tcj', 'indraneel.kasmalkar''s Personal Tasks', 'Personal tasks and to-dos', '#FF6B6B', 'user-1762586358159-ctffc847r', '[]', 1, '2025-11-08T07:19:18.160Z', '2025-11-08T07:19:18.160Z');
INSERT OR IGNORE INTO projects (id, name, description, color, owner_id, members, is_personal, created_at, updated_at) VALUES ('project-1762586647528-df9wa459v', 'multippose', 'sdfsd', '#667eea', 'user-1762586358159-ctffc847r', '[]', 0, '2025-11-08T07:24:07.528Z', '2025-11-08T07:24:20.477Z');

-- Migrate Project Members
INSERT OR IGNORE INTO project_members (project_id, user_id) VALUES ('project-1762586077151-ngissaans', 'user-1762586358159-ctffc847r');

-- Migrate Tasks
INSERT OR IGNORE INTO tasks (id, name, description, date, project_id, assigned_to_id, created_by_id, status, priority, archived, completed_at, created_at, updated_at) VALUES ('task-1762567264589-kko3vvmb3', 'asdfs', 'wefwefwe', '2025-11-08', 'project-admin-personal', 'user-admin', 'user-admin', 'completed', 'low', 0, NULL, '2025-11-08T02:01:04.589Z', '2025-11-08T02:31:08.029Z');
INSERT OR IGNORE INTO tasks (id, name, description, date, project_id, assigned_to_id, created_by_id, status, priority, archived, completed_at, created_at, updated_at) VALUES ('task-1762585240571-o852y8szv', 'Test1', 'dgwegweg', '2025-11-08', 'project-1762583752439-32nphdid0-personal', 'user-1762583752439-32nphdid0', 'user-1762583752439-32nphdid0', 'completed', 'medium', 0, NULL, '2025-11-08T07:00:40.571Z', '2025-11-08T07:11:30.235Z');
INSERT OR IGNORE INTO tasks (id, name, description, date, project_id, assigned_to_id, created_by_id, status, priority, archived, completed_at, created_at, updated_at) VALUES ('task-1762586475575-vbx0x4ii1', 'dfg', 'erge', '2025-11-08', 'project-1762586358160-rrzy31tcj', 'user-1762586358159-ctffc847r', 'user-1762586358159-ctffc847r', 'pending', 'none', 0, NULL, '2025-11-08T07:21:15.575Z', '2025-11-08T07:21:15.575Z');
INSERT OR IGNORE INTO tasks (id, name, description, date, project_id, assigned_to_id, created_by_id, status, priority, archived, completed_at, created_at, updated_at) VALUES ('task-1762586534229-fyz893c12', 'wefwe', 'dfwef', '2025-11-08', 'project-1762586077151-ngissaans', 'user-1762586358159-ctffc847r', 'user-1762583752439-32nphdid0', 'pending', 'none', 0, NULL, '2025-11-08T07:22:14.229Z', '2025-11-08T07:24:58.042Z');
INSERT OR IGNORE INTO tasks (id, name, description, date, project_id, assigned_to_id, created_by_id, status, priority, archived, completed_at, created_at, updated_at) VALUES ('task-1762597872770-c5c4d0sjn', 'sdfwe', 'wefwe', '2025-11-08', 'project-1762583752439-32nphdid0-personal', 'user-1762583752439-32nphdid0', 'user-1762583752439-32nphdid0', 'pending', 'medium', 0, NULL, '2025-11-08T10:31:12.770Z', '2025-11-08T10:31:40.530Z');
INSERT OR IGNORE INTO tasks (id, name, description, date, project_id, assigned_to_id, created_by_id, status, priority, archived, completed_at, created_at, updated_at) VALUES ('task-1762597890539-p35rxfvgb', 'wew', 'we', '2025-11-08', 'project-1762586077151-ngissaans', 'user-1762586358159-ctffc847r', 'user-1762583752439-32nphdid0', 'pending', 'high', 0, NULL, '2025-11-08T10:31:30.539Z', '2025-11-08T10:31:30.539Z');

-- Migrate Activity Logs
INSERT OR IGNORE INTO activity_logs (id, user_id, action, details, task_id, project_id, created_at) VALUES ('activity-1762562334217-wruvnpnu3', 'user-admin', 'user_login', 'User Admin User logged in', NULL, NULL, '2025-11-08T00:38:54.217Z');
INSERT OR IGNORE INTO activity_logs (id, user_id, action, details, task_id, project_id, created_at) VALUES ('activity-1762562485151-4jktg42jm', 'user-admin', 'task_created', 'Task "alelp" created', NULL, 'project-admin-personal', '2025-11-08T00:41:25.151Z');
INSERT OR IGNORE INTO activity_logs (id, user_id, action, details, task_id, project_id, created_at) VALUES ('activity-1762563312092-mw3i77qbn', 'user-admin', 'task_updated', 'Task "alelp" updated', NULL, 'project-admin-personal', '2025-11-08T00:55:12.092Z');
INSERT OR IGNORE INTO activity_logs (id, user_id, action, details, task_id, project_id, created_at) VALUES ('activity-1762563548496-kbu8yrmrs', 'user-admin', 'task_updated', 'Task "alelp" updated', NULL, 'project-admin-personal', '2025-11-08T00:59:08.496Z');
INSERT OR IGNORE INTO activity_logs (id, user_id, action, details, task_id, project_id, created_at) VALUES ('activity-1762563549556-goha6xl90', 'user-admin', 'task_updated', 'Task "alelp" updated', NULL, 'project-admin-personal', '2025-11-08T00:59:09.556Z');
INSERT OR IGNORE INTO activity_logs (id, user_id, action, details, task_id, project_id, created_at) VALUES ('activity-1762563623173-eov8ymk9y', 'user-admin', 'project_created', 'Project "omega" created', NULL, 'project-1762563623172-mabg9jqii', '2025-11-08T01:00:23.173Z');
INSERT OR IGNORE INTO activity_logs (id, user_id, action, details, task_id, project_id, created_at) VALUES ('activity-1762563641847-zbblqkr9y', 'user-admin', 'task_updated', 'Task "alelp" updated', NULL, 'project-admin-personal', '2025-11-08T01:00:41.847Z');
INSERT OR IGNORE INTO activity_logs (id, user_id, action, details, task_id, project_id, created_at) VALUES ('activity-1762563642319-bcxeal1fv', 'user-admin', 'task_updated', 'Task "alelp" updated', NULL, 'project-admin-personal', '2025-11-08T01:00:42.319Z');
INSERT OR IGNORE INTO activity_logs (id, user_id, action, details, task_id, project_id, created_at) VALUES ('activity-1762563644008-yjlevdg16', 'user-admin', 'task_updated', 'Task "alelp" updated', NULL, 'project-admin-personal', '2025-11-08T01:00:44.008Z');
INSERT OR IGNORE INTO activity_logs (id, user_id, action, details, task_id, project_id, created_at) VALUES ('activity-1762563646327-udkb6wjnt', 'user-admin', 'task_updated', 'Task "alelp" updated', NULL, 'project-admin-personal', '2025-11-08T01:00:46.327Z');
INSERT OR IGNORE INTO activity_logs (id, user_id, action, details, task_id, project_id, created_at) VALUES ('activity-1762563655236-7b8ztn9pj', 'user-admin', 'task_updated', 'Task "alelp" updated', NULL, 'project-admin-personal', '2025-11-08T01:00:55.236Z');
INSERT OR IGNORE INTO activity_logs (id, user_id, action, details, task_id, project_id, created_at) VALUES ('activity-1762563655544-vqs6g20wc', 'user-admin', 'task_updated', 'Task "alelp" updated', NULL, 'project-admin-personal', '2025-11-08T01:00:55.544Z');
INSERT OR IGNORE INTO activity_logs (id, user_id, action, details, task_id, project_id, created_at) VALUES ('activity-1762563689649-n6eccu0z7', 'user-admin', 'task_updated', 'Task "alelp" updated', NULL, 'project-admin-personal', '2025-11-08T01:01:29.649Z');
INSERT OR IGNORE INTO activity_logs (id, user_id, action, details, task_id, project_id, created_at) VALUES ('activity-1762563699433-w6v9byy6i', 'user-admin', 'task_created', 'Task "efwe" created', NULL, 'project-1762563623172-mabg9jqii', '2025-11-08T01:01:39.433Z');
INSERT OR IGNORE INTO activity_logs (id, user_id, action, details, task_id, project_id, created_at) VALUES ('activity-1762564528492-b0slt2jls', 'user-admin', 'task_updated', 'Task "alelp" updated', NULL, 'project-admin-personal', '2025-11-08T01:15:28.492Z');
INSERT OR IGNORE INTO activity_logs (id, user_id, action, details, task_id, project_id, created_at) VALUES ('activity-1762564655968-x3hc2no60', 'user-admin', 'task_updated', 'Task "Be a big done and rgnwiejnwlevnwkenclwoekfwewerwer" updated', NULL, 'project-admin-personal', '2025-11-08T01:17:35.968Z');
INSERT OR IGNORE INTO activity_logs (id, user_id, action, details, task_id, project_id, created_at) VALUES ('activity-1762565227844-msxe94sha', 'user-admin', 'task_created', 'Task "dfgdfg" created', NULL, 'project-1762563623172-mabg9jqii', '2025-11-08T01:27:07.844Z');
INSERT OR IGNORE INTO activity_logs (id, user_id, action, details, task_id, project_id, created_at) VALUES ('activity-1762565297989-5kbdqnzzn', 'user-admin', 'task_updated', 'Task "dfgdfg" updated', NULL, 'project-1762563623172-mabg9jqii', '2025-11-08T01:28:17.989Z');
INSERT OR IGNORE INTO activity_logs (id, user_id, action, details, task_id, project_id, created_at) VALUES ('activity-1762565623784-1g4wbkah0', 'user-admin', 'task_updated', 'Task "Be a big done and rgnwiejnwlevnwkenclwoekfwewerwer" updated', NULL, 'project-admin-personal', '2025-11-08T01:33:43.784Z');
INSERT OR IGNORE INTO activity_logs (id, user_id, action, details, task_id, project_id, created_at) VALUES ('activity-1762565629048-0990yflqv', 'user-admin', 'task_updated', 'Task "Be a big done and rgnwiejnwlevnwkenclwoekfwewerwer" updated', NULL, 'project-admin-personal', '2025-11-08T01:33:49.048Z');
INSERT OR IGNORE INTO activity_logs (id, user_id, action, details, task_id, project_id, created_at) VALUES ('activity-1762565644751-pnn5v3ze4', 'user-admin', 'task_updated', 'Task "efwe" updated', NULL, 'project-1762563623172-mabg9jqii', '2025-11-08T01:34:04.751Z');
INSERT OR IGNORE INTO activity_logs (id, user_id, action, details, task_id, project_id, created_at) VALUES ('activity-1762565868312-tad9hbxrc', 'user-admin', 'task_updated', 'Task "Be a big done and rgnwiejnwlevnwkenclwoekfwewerwer" updated', NULL, 'project-admin-personal', '2025-11-08T01:37:48.312Z');
INSERT OR IGNORE INTO activity_logs (id, user_id, action, details, task_id, project_id, created_at) VALUES ('activity-1762565873091-jv59j7g1u', 'user-admin', 'task_updated', 'Task "Be a big done and rgnwiejnwlevnwkenclwoekfwewerwer" updated', NULL, 'project-admin-personal', '2025-11-08T01:37:53.091Z');
INSERT OR IGNORE INTO activity_logs (id, user_id, action, details, task_id, project_id, created_at) VALUES ('activity-1762565879701-3oez0f3x6', 'user-admin', 'task_updated', 'Task "Be a big done and rgnwiejnwlevnwkenclwoekfwewerwer" updated', NULL, 'project-admin-personal', '2025-11-08T01:37:59.701Z');
INSERT OR IGNORE INTO activity_logs (id, user_id, action, details, task_id, project_id, created_at) VALUES ('activity-1762566132903-qiw2tq61w', 'user-admin', 'task_updated', 'Task "Be a big done and rgnwiejnwlevnwkenclwoekfwewerwer" updated', NULL, 'project-admin-personal', '2025-11-08T01:42:12.903Z');
INSERT OR IGNORE INTO activity_logs (id, user_id, action, details, task_id, project_id, created_at) VALUES ('activity-1762566181492-kz0wok168', 'user-admin', 'task_updated', 'Task "Be a big done and rgnwiejnwlevnwkenclwoekfwewerwer" updated', NULL, 'project-admin-personal', '2025-11-08T01:43:01.492Z');
INSERT OR IGNORE INTO activity_logs (id, user_id, action, details, task_id, project_id, created_at) VALUES ('activity-1762566360496-arvdfwjy5', 'user-admin', 'task_deleted', 'Task "Be a big done and rgnwiejnwlevnwkenclwoekfwewerwer" deleted', NULL, 'project-admin-personal', '2025-11-08T01:46:00.496Z');
INSERT OR IGNORE INTO activity_logs (id, user_id, action, details, task_id, project_id, created_at) VALUES ('activity-1762566394427-72lqao0s7', 'user-admin', 'task_created', 'Task "sdfwe" created', NULL, 'project-admin-personal', '2025-11-08T01:46:34.427Z');
INSERT OR IGNORE INTO activity_logs (id, user_id, action, details, task_id, project_id, created_at) VALUES ('activity-1762566409803-si5olij9l', 'user-admin', 'task_updated', 'Task "dfgdfg" updated', NULL, 'project-1762563623172-mabg9jqii', '2025-11-08T01:46:49.803Z');
INSERT OR IGNORE INTO activity_logs (id, user_id, action, details, task_id, project_id, created_at) VALUES ('activity-1762566469942-ir87aq0fi', 'user-admin', 'task_deleted', 'Task "dfgdfg" deleted', NULL, 'project-1762563623172-mabg9jqii', '2025-11-08T01:47:49.943Z');
INSERT OR IGNORE INTO activity_logs (id, user_id, action, details, task_id, project_id, created_at) VALUES ('activity-1762566474617-r0uecheqy', 'user-admin', 'task_deleted', 'Task "efwe" deleted', NULL, 'project-1762563623172-mabg9jqii', '2025-11-08T01:47:54.617Z');
INSERT OR IGNORE INTO activity_logs (id, user_id, action, details, task_id, project_id, created_at) VALUES ('activity-1762566863843-2izth50t1', 'user-admin', 'task_updated', 'Task "sdfwe" updated', NULL, 'project-admin-personal', '2025-11-08T01:54:23.843Z');
INSERT OR IGNORE INTO activity_logs (id, user_id, action, details, task_id, project_id, created_at) VALUES ('activity-1762567123383-01x2d9440', 'user-admin', 'task_updated', 'Task "sdfwe" updated', NULL, 'project-admin-personal', '2025-11-08T01:58:43.383Z');
INSERT OR IGNORE INTO activity_logs (id, user_id, action, details, task_id, project_id, created_at) VALUES ('activity-1762567129365-m6q4tvra6', 'user-admin', 'task_updated', 'Task "sdfwe" updated', NULL, 'project-admin-personal', '2025-11-08T01:58:49.365Z');
INSERT OR IGNORE INTO activity_logs (id, user_id, action, details, task_id, project_id, created_at) VALUES ('activity-1762567251130-kttmmkdlz', 'user-admin', 'user_login', 'User Admin User logged in', NULL, NULL, '2025-11-08T02:00:51.130Z');
INSERT OR IGNORE INTO activity_logs (id, user_id, action, details, task_id, project_id, created_at) VALUES ('activity-1762567257747-57mk67j64', 'user-admin', 'task_deleted', 'Task "sdfwe" deleted', NULL, 'project-admin-personal', '2025-11-08T02:00:57.747Z');
INSERT OR IGNORE INTO activity_logs (id, user_id, action, details, task_id, project_id, created_at) VALUES ('activity-1762567264589-rdlrdm3a8', 'user-admin', 'task_created', 'Task "asdfs" created', 'task-1762567264589-kko3vvmb3', 'project-admin-personal', '2025-11-08T02:01:04.589Z');
INSERT OR IGNORE INTO activity_logs (id, user_id, action, details, task_id, project_id, created_at) VALUES ('activity-1762567273685-nplg4amh3', 'user-admin', 'task_updated', 'Task "asdfs" updated', 'task-1762567264589-kko3vvmb3', 'project-admin-personal', '2025-11-08T02:01:13.685Z');
INSERT OR IGNORE INTO activity_logs (id, user_id, action, details, task_id, project_id, created_at) VALUES ('activity-1762567300023-dd2y1w369', 'user-admin', 'task_updated', 'Task "asdfs" updated', 'task-1762567264589-kko3vvmb3', 'project-admin-personal', '2025-11-08T02:01:40.023Z');
INSERT OR IGNORE INTO activity_logs (id, user_id, action, details, task_id, project_id, created_at) VALUES ('activity-1762567316938-onqk3mmdw', 'user-admin', 'task_updated', 'Task "asdfs" updated', 'task-1762567264589-kko3vvmb3', 'project-admin-personal', '2025-11-08T02:01:56.938Z');
INSERT OR IGNORE INTO activity_logs (id, user_id, action, details, task_id, project_id, created_at) VALUES ('activity-1762567595493-jcd8zuzbv', 'user-admin', 'project_updated', 'Project "Admin User''s Personal Tasks" updated', NULL, 'project-admin-personal', '2025-11-08T02:06:35.493Z');
INSERT OR IGNORE INTO activity_logs (id, user_id, action, details, task_id, project_id, created_at) VALUES ('activity-1762567605373-9vzn1asal', 'user-admin', 'project_updated', 'Project "Admin User''s Personal Tasks" updated', NULL, 'project-admin-personal', '2025-11-08T02:06:45.373Z');
INSERT OR IGNORE INTO activity_logs (id, user_id, action, details, task_id, project_id, created_at) VALUES ('activity-1762567618872-tbvnfl8hn', 'user-admin', 'project_updated', 'Project "omega" updated', NULL, 'project-1762563623172-mabg9jqii', '2025-11-08T02:06:58.872Z');
INSERT OR IGNORE INTO activity_logs (id, user_id, action, details, task_id, project_id, created_at) VALUES ('activity-1762568347953-oeeiu08tk', 'user-admin', 'project_updated', 'Project "omega" updated', NULL, 'project-1762563623172-mabg9jqii', '2025-11-08T02:19:07.954Z');
INSERT OR IGNORE INTO activity_logs (id, user_id, action, details, task_id, project_id, created_at) VALUES ('activity-1762568505002-46g3se5bm', 'user-admin', 'project_updated', 'Project "omega" updated', NULL, 'project-1762563623172-mabg9jqii', '2025-11-08T02:21:45.002Z');
INSERT OR IGNORE INTO activity_logs (id, user_id, action, details, task_id, project_id, created_at) VALUES ('activity-1762568508482-oo74q8j9j', 'user-admin', 'project_updated', 'Project "omega" updated', NULL, 'project-1762563623172-mabg9jqii', '2025-11-08T02:21:48.482Z');
INSERT OR IGNORE INTO activity_logs (id, user_id, action, details, task_id, project_id, created_at) VALUES ('activity-1762568534305-dqbfkztc7', 'user-admin', 'user_login', 'User Admin User logged in', NULL, NULL, '2025-11-08T02:22:14.305Z');
INSERT OR IGNORE INTO activity_logs (id, user_id, action, details, task_id, project_id, created_at) VALUES ('activity-1762568550059-rn3b3utxg', 'user-admin', 'project_updated', 'Project "omega" updated', NULL, 'project-1762563623172-mabg9jqii', '2025-11-08T02:22:30.059Z');
INSERT OR IGNORE INTO activity_logs (id, user_id, action, details, task_id, project_id, created_at) VALUES ('activity-1762568630752-ddum4o5rx', 'user-admin', 'project_updated', 'Project "omega" updated', NULL, 'project-1762563623172-mabg9jqii', '2025-11-08T02:23:50.752Z');
INSERT OR IGNORE INTO activity_logs (id, user_id, action, details, task_id, project_id, created_at) VALUES ('activity-1762569017007-o6f76l7qj', 'user-admin', 'user_login', 'User Admin User logged in', NULL, NULL, '2025-11-08T02:30:17.007Z');
INSERT OR IGNORE INTO activity_logs (id, user_id, action, details, task_id, project_id, created_at) VALUES ('activity-1762569068029-4nzi716g1', 'user-admin', 'task_updated', 'Task "asdfs" updated', 'task-1762567264589-kko3vvmb3', 'project-admin-personal', '2025-11-08T02:31:08.030Z');
INSERT OR IGNORE INTO activity_logs (id, user_id, action, details, task_id, project_id, created_at) VALUES ('activity-1762581151284-921wh1smy', 'user-1762581151281-gbd36v61k', 'user_registered', 'User Neel Kamsalkar registered via Supabase', NULL, NULL, '2025-11-08T05:52:31.284Z');
INSERT OR IGNORE INTO activity_logs (id, user_id, action, details, task_id, project_id, created_at) VALUES ('activity-1762583271225-7ugp8d1pt', 'user-1762581151281-gbd36v61k', 'user_login', 'User Neel Kamsalkar logged in via Supabase', NULL, NULL, '2025-11-08T06:27:51.225Z');
INSERT OR IGNORE INTO activity_logs (id, user_id, action, details, task_id, project_id, created_at) VALUES ('activity-1762583752440-kitlajeo5', 'user-1762583752439-32nphdid0', 'user_registered', 'User Indraneel registered via Supabase', NULL, NULL, '2025-11-08T06:35:52.440Z');
INSERT OR IGNORE INTO activity_logs (id, user_id, action, details, task_id, project_id, created_at) VALUES ('activity-1762584834368-602squuva', 'user-1762583752439-32nphdid0', 'user_login', 'User Indraneel logged in via Supabase', NULL, NULL, '2025-11-08T06:53:54.368Z');
INSERT OR IGNORE INTO activity_logs (id, user_id, action, details, task_id, project_id, created_at) VALUES ('activity-1762584998037-m0rgrbb4c', 'user-1762583752439-32nphdid0', 'user_login', 'User Indraneel logged in via Supabase', NULL, NULL, '2025-11-08T06:56:38.037Z');
INSERT OR IGNORE INTO activity_logs (id, user_id, action, details, task_id, project_id, created_at) VALUES ('activity-1762585169666-pi4t4etyh', 'user-1762583752439-32nphdid0', 'user_login', 'User Indraneel logged in via Supabase', NULL, NULL, '2025-11-08T06:59:29.666Z');
INSERT OR IGNORE INTO activity_logs (id, user_id, action, details, task_id, project_id, created_at) VALUES ('activity-1762585240574-0n7fzvo9k', 'user-1762583752439-32nphdid0', 'task_created', 'Task "Test1" created', 'task-1762585240571-o852y8szv', 'project-1762583752439-32nphdid0-personal', '2025-11-08T07:00:40.574Z');
INSERT OR IGNORE INTO activity_logs (id, user_id, action, details, task_id, project_id, created_at) VALUES ('activity-1762585575085-uhn1iedf7', 'user-1762583752439-32nphdid0', 'user_login', 'User Indraneel logged in via Supabase', NULL, NULL, '2025-11-08T07:06:15.085Z');
INSERT OR IGNORE INTO activity_logs (id, user_id, action, details, task_id, project_id, created_at) VALUES ('activity-1762585867073-d2oc60xpe', 'user-1762583752439-32nphdid0', 'user_login', 'User Indraneel logged in via Supabase', NULL, NULL, '2025-11-08T07:11:07.073Z');
INSERT OR IGNORE INTO activity_logs (id, user_id, action, details, task_id, project_id, created_at) VALUES ('activity-1762585890237-0drzr320q', 'user-1762583752439-32nphdid0', 'task_updated', 'Task "Test1" updated', 'task-1762585240571-o852y8szv', 'project-1762583752439-32nphdid0-personal', '2025-11-08T07:11:30.237Z');
INSERT OR IGNORE INTO activity_logs (id, user_id, action, details, task_id, project_id, created_at) VALUES ('activity-1762586077152-q7v97gwug', 'user-1762583752439-32nphdid0', 'project_created', 'Project "beta" created', NULL, 'project-1762586077151-ngissaans', '2025-11-08T07:14:37.152Z');
INSERT OR IGNORE INTO activity_logs (id, user_id, action, details, task_id, project_id, created_at) VALUES ('activity-1762586087903-a69gud24h', 'user-1762583752439-32nphdid0', 'member_added', 'Admin User added to project "beta"', NULL, 'project-1762586077151-ngissaans', '2025-11-08T07:14:47.903Z');
INSERT OR IGNORE INTO activity_logs (id, user_id, action, details, task_id, project_id, created_at) VALUES ('activity-1762586181068-nm5jreufk', 'user-1762583752439-32nphdid0', 'member_removed', 'Admin User removed from project "beta"', NULL, 'project-1762586077151-ngissaans', '2025-11-08T07:16:21.068Z');
INSERT OR IGNORE INTO activity_logs (id, user_id, action, details, task_id, project_id, created_at) VALUES ('activity-1762586184119-a069eoysq', 'user-1762583752439-32nphdid0', 'member_added', 'Admin User added to project "beta"', NULL, 'project-1762586077151-ngissaans', '2025-11-08T07:16:24.119Z');
INSERT OR IGNORE INTO activity_logs (id, user_id, action, details, task_id, project_id, created_at) VALUES ('activity-1762586239769-buk89bb6m', 'user-1762583752439-32nphdid0', 'member_removed', 'Admin User removed from project "beta"', NULL, 'project-1762586077151-ngissaans', '2025-11-08T07:17:19.769Z');
INSERT OR IGNORE INTO activity_logs (id, user_id, action, details, task_id, project_id, created_at) VALUES ('activity-1762586358160-cy8wogbaf', 'user-1762586358159-ctffc847r', 'project_created', 'Personal project created', NULL, 'project-1762586358160-rrzy31tcj', '2025-11-08T07:19:18.160Z');
INSERT OR IGNORE INTO activity_logs (id, user_id, action, details, task_id, project_id, created_at) VALUES ('activity-1762586358161-jrxuvosc8', 'user-1762586358159-ctffc847r', 'user_registered', 'User indraneel.kasmalkar registered via Supabase', NULL, NULL, '2025-11-08T07:19:18.161Z');
INSERT OR IGNORE INTO activity_logs (id, user_id, action, details, task_id, project_id, created_at) VALUES ('activity-1762586475576-1hbit4cf9', 'user-1762586358159-ctffc847r', 'task_created', 'Task "dfg" created', 'task-1762586475575-vbx0x4ii1', 'project-1762586358160-rrzy31tcj', '2025-11-08T07:21:15.576Z');
INSERT OR IGNORE INTO activity_logs (id, user_id, action, details, task_id, project_id, created_at) VALUES ('activity-1762586509461-j6bcq4bj8', 'user-1762583752439-32nphdid0', 'member_added', 'indraneel.kasmalkar added to project "beta"', NULL, 'project-1762586077151-ngissaans', '2025-11-08T07:21:49.461Z');
INSERT OR IGNORE INTO activity_logs (id, user_id, action, details, task_id, project_id, created_at) VALUES ('activity-1762586534230-x46f97dhk', 'user-1762583752439-32nphdid0', 'task_created', 'Task "wefwe" created', 'task-1762586534229-fyz893c12', 'project-1762586077151-ngissaans', '2025-11-08T07:22:14.230Z');
INSERT OR IGNORE INTO activity_logs (id, user_id, action, details, task_id, project_id, created_at) VALUES ('activity-1762586623562-we96g19wc', 'user-1762586358159-ctffc847r', 'task_updated', 'Task "wefwe" updated', 'task-1762586534229-fyz893c12', 'project-1762586077151-ngissaans', '2025-11-08T07:23:43.562Z');
INSERT OR IGNORE INTO activity_logs (id, user_id, action, details, task_id, project_id, created_at) VALUES ('activity-1762586647529-h8jc7judd', 'user-1762586358159-ctffc847r', 'project_created', 'Project "multippose" created', NULL, 'project-1762586647528-df9wa459v', '2025-11-08T07:24:07.529Z');
INSERT OR IGNORE INTO activity_logs (id, user_id, action, details, task_id, project_id, created_at) VALUES ('activity-1762586660477-s2qizzfxt', 'user-1762586358159-ctffc847r', 'project_updated', 'Project "multippose" updated', NULL, 'project-1762586647528-df9wa459v', '2025-11-08T07:24:20.477Z');
INSERT OR IGNORE INTO activity_logs (id, user_id, action, details, task_id, project_id, created_at) VALUES ('activity-1762586698043-0ip7om334', 'user-1762586358159-ctffc847r', 'task_updated', 'Task "wefwe" updated', 'task-1762586534229-fyz893c12', 'project-1762586077151-ngissaans', '2025-11-08T07:24:58.043Z');
INSERT OR IGNORE INTO activity_logs (id, user_id, action, details, task_id, project_id, created_at) VALUES ('activity-1762586723091-80jeyoywp', 'user-1762583752439-32nphdid0', 'member_removed', 'indraneel.kasmalkar removed from project "beta"', NULL, 'project-1762586077151-ngissaans', '2025-11-08T07:25:23.091Z');
INSERT OR IGNORE INTO activity_logs (id, user_id, action, details, task_id, project_id, created_at) VALUES ('activity-1762586906709-ca2698nn0', 'user-1762583752439-32nphdid0', 'member_added', 'indraneel.kasmalkar added to project "beta"', NULL, 'project-1762586077151-ngissaans', '2025-11-08T07:28:26.709Z');
INSERT OR IGNORE INTO activity_logs (id, user_id, action, details, task_id, project_id, created_at) VALUES ('activity-1762590672244-l0maqqwnu', 'user-1762583752439-32nphdid0', 'user_login', 'User Indraneel logged in via Supabase', NULL, NULL, '2025-11-08T08:31:12.244Z');
INSERT OR IGNORE INTO activity_logs (id, user_id, action, details, task_id, project_id, created_at) VALUES ('activity-1762597872770-z6z0enu25', 'user-1762583752439-32nphdid0', 'task_created', 'Task "sdfwe" created', 'task-1762597872770-c5c4d0sjn', 'project-1762583752439-32nphdid0-personal', '2025-11-08T10:31:12.770Z');
INSERT OR IGNORE INTO activity_logs (id, user_id, action, details, task_id, project_id, created_at) VALUES ('activity-1762597890539-cpcbq3afg', 'user-1762583752439-32nphdid0', 'task_created', 'Task "wew" created', 'task-1762597890539-p35rxfvgb', 'project-1762586077151-ngissaans', '2025-11-08T10:31:30.539Z');
INSERT OR IGNORE INTO activity_logs (id, user_id, action, details, task_id, project_id, created_at) VALUES ('activity-1762597900530-jve0l14td', 'user-1762583752439-32nphdid0', 'task_updated', 'Task "sdfwe" updated', 'task-1762597872770-c5c4d0sjn', 'project-1762583752439-32nphdid0-personal', '2025-11-08T10:31:40.530Z');
INSERT OR IGNORE INTO activity_logs (id, user_id, action, details, task_id, project_id, created_at) VALUES ('activity-1762606678889-vf5pwlgwo', 'user-1762583752439-32nphdid0', 'user_login', 'User Indraneel logged in via Supabase', NULL, NULL, '2025-11-08T12:57:58.889Z');
